ID,Poem_id,words
1,4371,餞 唐 永昌
2,4371,沈 佺 期
3,4371,洛陽 舊有 神明 宰
4,4371,輦轂 由來 天地 中
5,4371,餘 邑 政成 何足 貴
6,4371,因 君 取 則 四方 同
7,4373,邙 山
8,4373,沈 佺 期
9,4373,北邙 山上 列 墳 塋
10,4373,萬古 千秋 對 洛城
11,4373,城中 日夕 歌鐘 起
12,4373,山上 唯聞 松柏 聲
13,4394,同 燕 公 汎 洞庭
14,4394,尹 懋
15,4394,風光 淅淅 草中 飄
16,4394,日 綵 熒熒 水上 颻
17,4394,幸 奏 瀟湘 雲壑 意
18,4394,山 旁 容與 動 仙 橈
19,4403,正 朝 上 左 相 張 燕 公
20,4403,楊 重 玄
21,4403,歲 去 愁 終 在
22,4403,春還 命 不來
23,4403,長吁 問 丞相
24,4403,東閣 幾時 開
25,4408,巫山
26,4408,張 循 之
27,4408,流 景 一何 速
28,4408,年華 不可 追
29,4408,解佩 安 所贈
30,4408,怨咽 空 自悲
31,4417,書 懷
32,4417,劉 幽 求
33,4417,心為 明 時盡
34,4417,君門 尚 不容
35,4417,田園 迷 徑路
36,4417,歸去 欲 何從
37,4418,流 所贈 張 錫
38,4418,章 玄 同
39,4418,黃葉 因 風 下
40,4418,甘從 洛浦 隈
41,4418,白雲 何 所為
42,4418,還 出 帝鄉 來
43,4429,途中 口號 一作 郭 向 詩
44,4429,盧 僎
45,4429,抱玉 三朝 楚
46,4429,懷 書 十上 秦
47,4429,年年 洛陽 陌
48,4429,花鳥 弄 歸人
49,4431,臨川 送別
50,4431,盧 僎
51,4431,秋郊 日半 隱
52,4431,野 樹 煙 初 映
53,4431,風水 正 蕭條
54,4431,那 堪 動 離 詠
55,4432,題 殿前 桂葉
56,4432,盧 僎
57,4432,桂樹 生 南海
58,4432,芳香 隔 楚山
59,4432,今朝 天上 見
60,4432,疑 是 月中 攀
61,4437,寒食
62,4437,李 崇 嗣
63,4437,普天 皆 滅 焰
64,4437,匝地 盡 藏煙
65,4437,不知 何處 火
66,4437,來 就 客心 然
67,4438,覽鏡 一作 李 嗣 宗 詩
68,4438,李 崇 嗣
69,4438,歲 去 紅顏 盡
70,4438,愁來 白髮 新
71,4438,今朝 開鏡 匣
72,4438,疑 是 別 逢 人
73,4439,獨愁
74,4439,李 崇 嗣
75,4439,聞 道成 都 酒
76,4439,無錢 亦 可求
77,4439,不知 將 幾 斗
78,4439,銷得 此來 愁
79,4444,詠 院中 叢竹
80,4444,呂 太一
81,4444,擢擢 當軒 竹
82,4444,青青 重 歲寒
83,4444,心 貞 徒見 賞
84,4444,籜 小 未成 竿
85,4445,和 呂 御史 詠 院中 叢竹
86,4445,張 紘
87,4445,聞君 庭竹 詠
88,4445,幽意 歲寒 多
89,4445,嘆息 為 冠 小
90,4445,良工 將 奈何
91,4446,閨 怨
92,4446,張 紘
93,4446,去年 離別 雁 初 歸
94,4446,今夜 裁縫 螢 已 飛
95,4446,征客 近來 音信 斷
96,4446,不知 何處 寄 寒 衣
97,4469,奉 和 正旦 賜 宰臣 柏葉 應 製
98,4469,武 平 一
99,4469,綠 葉 迎春 綠
100,4469,寒枝 歷 歲寒
101,4469,願 持 柏葉 壽
102,4469,長奉 萬年 歡
103,4470,游 涇 川 琴 溪
104,4470,武 平 一
105,4470,環 潭 澄 曉色
106,4470,疊嶂 照 秋 影
107,4470,幽致 欣 所 逢
108,4470,紛 慮 自茲 屏
109,4471,夜 宴 安樂 公主 宅
110,4471,武 平 一
111,4471,王孫 帝女 下 仙 臺
112,4471,金榜 珠簾 入 夜開
113,4471,遽 惜 瓊筵 歡 正 洽
114,4471,唯愁 銀箭 曉 相催
115,4472,奉 和 聖 製 幸 韋 嗣 立 山莊 應 製
116,4472,武 平 一
117,4472,鳴鑾 赫弈 下 重樓
118,4472,羽蓋 逍遙 向 一丘
119,4472,漢 日 唯聞 白衣 寵
120,4472,唐 年 更睹 赤松 游
121,4473,餞 唐 永昌
122,4473,武 平 一
123,4473,聞君 墨綬 出 丹墀
124,4473,雙 鳥 飛來 佇 有期
125,4473,寄謝 銅街 攀 柳 日
126,4473,無 忘 粉署 握蘭 時
127,4490,奉 和 元日 賜 群臣 柏葉 應 製
128,4490,趙 彥 昭
129,4490,器 乏 雕梁 器
130,4490,材 非 構 廈 材
131,4490,但 將 千歲 葉
132,4490,常 奉 萬年 杯
133,4491,苑中 人日 遇 雪 應 製
134,4491,趙 彥 昭
135,4491,始見 青雲 干 律呂
136,4491,俄 逢 瑞雪 應 陽 春
137,4491,今日 回看 上林 樹
138,4491,梅花 柳絮 一時 新
139,4492,奉 和 聖 製 幸 韋 嗣 立 山莊 應 製
140,4492,趙 彥 昭
141,4492,廊廟 心存 岩壑 中
142,4492,鑾輿 矚 在 灞 城東
143,4492,逍遙 自在 蒙莊 子
144,4492,漢主 徒言 河上公
145,4493,秋 朝 木 芙蓉
146,4493,趙 彥 昭
147,4493,水面 芙蓉 秋 已衰
148,4493,繁 條 偏 是 著 花 遲
149,4493,平明 露滴 垂 紅臉
150,4493,似有 朝 愁暮 落時
151,4494,侍宴 桃花 園 詠 桃花 應 製
152,4494,趙 彥 昭
153,4494,紅萼 競 燃 春苑 曙
154,4494,粉 茸 新 吐 御筵 開
155,4494,長年 願奉 西 王母
156,4494,近侍 慚 無 東 朔 才
157,4503,陪 游 上苑 遇 雪
158,4503,蕭 至 忠
159,4503,龍驂 曉 入 望 春宮
160,4503,正逢 春雪 舞 春風
161,4503,花 光 併 在天 文 上
162,4503,寒氣 行 銷 御酒 中
163,4518,從 宴 桃花 園 詠 桃花 應 製 本 趙 彥 昭
164,4518,趙 彥 伯
165,4518,紅萼 競 燃 春苑 曙
166,4518,豐茸 新 吐 御筵 開
167,4518,長年 願奉 西 王 讌
168,4518,近侍 慚 無 東 朔 才
169,4519,苑中 遇 雪 應 製
170,4519,趙 彥 伯
171,4519,千鐘 聖 酒 御筵 披
172,4519,六出 祥英 亂 繞 枝
173,4519,既 此 神仙 對 瓊 圃
174,4519,何 煩 轍跡 向 瑤池
175,4559,詠 黃鶯 兒
176,4559,鄭 愔
177,4559,欲 轉 聲 猶 澀
178,4559,將 飛 羽 未調
179,4559,高風 不借 便
180,4559,何處 得 遷喬
181,4560,百舌
182,4560,鄭 愔
183,4560,百舌 鳴 高樹
184,4560,弄 音 無 常 則
185,4560,借問 聲 何 煩
186,4560,末俗 不 尚 默
187,4569,餞 唐 永昌
188,4569,徐 堅
189,4569,郎官 出宰 赴 伊 瀍
190,4569,征傳 駸駸 灞水 前
191,4569,此時 悵望 新豐 道
192,4569,握手 相看 共 黯 然
193,4605,朝 退
194,4605,李 適 之
195,4605,朱門 長 不閉
196,4605,親友 恣 相過
197,4605,年 今 將 半百
198,4605,不樂 復 如何
199,4606,罷 相 作
200,4606,李 適 之
201,4606,避賢 初罷 相
202,4606,樂 聖 且 銜杯
203,4606,為 問 門前 客
204,4606,今朝 幾箇 來
205,4626,重九 日 宴 江 陰
206,4626,張 諤
207,4626,秋葉 風吹 黃 颯颯
208,4626,晴雲 日照 白 鱗鱗
209,4626,歸來 得 問 茱萸 女
210,4626,今日 登高 醉 幾人
211,4629,詠 木 槿 樹 題 武 進 文明 府 廳
212,4629,劉 庭 琦
213,4629,物情 良 可見
214,4629,人事 不勝 悲
215,4629,莫恃 朝 榮 好
216,4629,君看 暮 落時
217,4630,銅 雀 臺
218,4630,劉 庭 琦
219,4630,銅臺 宮觀 委 灰塵
220,4630,魏主 園林 漳水 濱
221,4630,即今 西望 猶堪 思
222,4630,況復 當時 歌舞 人
223,4632,經 慈 澗 題
224,4632,鄭 繇
225,4632,岸 與 恩 同 廣
226,4632,波 將 慈 共 深
227,4632,涓涓 勞 日夜
228,4632,長 似 下流 心
229,4657,三月 閏 情
230,4657,袁 暉
231,4657,三月 春 將盡
232,4657,空房 妾 獨 居
233,4657,蛾眉 愁自 結
234,4657,鬢 髮 沒 情 梳
235,4683,題 袁 氏 別業
236,4683,賀 知 章
237,4683,主人 不 相識
238,4683,偶坐 為 林泉
239,4683,莫謾 愁 沽酒
240,4683,囊中 自有 錢
241,4684,詠 柳
242,4684,賀 知 章
243,4684,碧玉 妝成 一樹 高
244,4684,萬條 垂 下 綠 絲 絛
245,4684,不知 細 葉 誰 裁 出
246,4684,二月 春風 似 剪刀
247,4685,采蓮 曲
248,4685,賀 知 章
249,4685,稽山 罷 霧 鬱 嵯峨
250,4685,鏡水 無風 也 自 波
251,4685,莫言 春 度 芳菲 盡
252,4685,別有 中流 采 芰荷
253,4687,答 朝士
254,4687,賀 知 章
255,4687,鈒鏤 銀盤 盛 蛤蜊
256,4687,鏡湖 蓴菜 亂 如絲
257,4687,鄉曲 近來 佳 此味
258,4687,遮 渠 不道 是 吳兒
259,4708,武陵 桃源 送 人
260,4708,包 融
261,4708,武陵 川 徑 入 幽遐
262,4708,中有 雞犬 秦人 家
263,4708,先 時見 者 為誰 耶
264,4708,源 水 今 流 桃 復 花
265,4726,洛陽 客舍 逢 祖 詠 留 宴
266,4726,蔡 希 寂
267,4726,綿綿 鐘 漏 洛陽 城
268,4726,客舍 貧居 絕 送迎
269,4726,逢君 貰酒 因 成 醉
270,4726,醉後 焉知 世上 情
271,4727,贈 張 敬 微
272,4727,蔡 希 寂
273,4727,大河 東北 望 桃林
274,4727,雜樹 冥冥 結 翠陰
275,4727,不知 君作 神仙尉
276,4727,特 訝 行 來 雲霧 深
277,4730,采蓮 詞
278,4730,張 潮
279,4730,朝出 沙頭 日 正 紅
280,4730,晚 來 雲起 半 江中
281,4730,賴 逢 鄰女 曾 相識
282,4730,並 著 蓮 舟 不畏 風
283,4731,江南 行
284,4731,張 潮
285,4731,茨 菰葉 爛 別 西 灣
286,4731,蓮子 花開 猶 未還
287,4731,妾夢 不離 江 水上
288,4731,人 傳 郎 在 鳳凰 山
289,4735,絕句
290,4735,張 翬
291,4735,茫茫 煙 上 水
292,4735,日暮 陰雲 飛
293,4735,孤 坐 正愁 緒
294,4735,湖南 誰 擣衣
295,4738,臨川 山行
296,4738,周 瑀
297,4738,朝見 青山 雪
298,4738,暮 見 青山 雲
299,4738,雲山 無 斷絕
300,4738,秋思 日 紛紛
301,4748,寄 天臺 司馬 道士
302,4748,沈 如 筠
303,4748,河洲 花艷 爚
304,4748,庭樹 光綵 蒨
305,4748,白雲 天臺 山
306,4748,可思 不可 見
307,4750,詠 黃鶯 兒
308,4750,孫 處 玄
309,4750,欲 囀 聲 猶 澀
310,4750,將 飛 羽 未調
311,4750,高風 不借 便
312,4750,何處 得 遷喬
313,4751,失 題
314,4751,孫 處 玄
315,4751,漢家 輕 壯士
316,4751,無 狀 殺 澎 王
317,4751,一 遇 風塵 起
318,4751,令 誰 守 四方
319,4752,句
320,4752,孫 處 玄
321,4752,殘花 與 露 落
322,4752,墮葉 隨風 翻
323,4752,日 側 南澗 幽
324,4752,風 凝 北林 暮
325,4756,南中 感 懷
326,4756,樊 晃
327,4756,南 路 磋砣 客 未 回
328,4756,常嗟 物候 暗相 催
329,4756,四時 不變 江頭 草
330,4756,十月 先 開 嶺上 梅
331,4774,閏月 七日 織女
332,4774,王 灣
333,4774,耿耿 曙河 微
334,4774,神仙 此夜 稀
335,4774,今年 七月 閏
336,4774,應得 兩 回 歸
337,4797,巫山
338,4797,張 子 容
339,4797,巫 嶺 岧嶢 天際 重
340,4797,佳期 宿昔 願 相從
341,4797,朝雲 暮雨 連 天 暗
342,4797,神女 知 來 第幾 峰
343,4799,清谿 泛舟
344,4799,張 旭
345,4799,旅人 倚 征棹
346,4799,薄暮 起 勞歌
347,4799,笑 攬 清溪 月
348,4799,清輝 不厭 多
349,4800,桃花 谿
350,4800,張 旭
351,4800,隱隱 飛橋 隔 野煙
352,4800,石磯 西 畔 問 漁船
353,4800,桃花 盡日 隨 流水
354,4800,洞 在 清谿 何處 邊
355,4801,山行 留客
356,4801,張 旭
357,4801,山光 物 態 弄 春 輝
358,4801,莫 為 輕 陰 便 擬 歸
359,4801,縱使 晴明 無雨 色
360,4801,入 雲深 處 亦 沾衣
361,4802,春 游 值 雨
362,4802,張 旭
363,4802,欲尋 軒檻 列 清尊
364,4802,江上 煙雲 向 晚 昏
365,4802,須 倩 東風 吹 散 雨
366,4802,明朝 卻 待 入 華 園
367,4817,游 宣州 琴 溪 同 武 平 一作
368,4817,邢 巨
369,4817,靈谿 非 人跡
370,4817,仙 意 素 所 秉
371,4817,鱗 嶺 森 翠微
372,4817,澄潭 照 秋景
373,4878,同 洛陽 李 少府 觀 永樂 公主 入 蕃
374,4878,孫 逖
375,4878,邊 地 鶯花 少
376,4878,年 來 未覺 新
377,4878,美人 天上 落
378,4878,龍塞 始 應 春
379,4879,途中 口號
380,4879,孫 逖
381,4879,鄴城 東北 望陵 臺
382,4879,珠翠 繁華 去 不迴
383,4879,無復 新妝 艷 紅粉
384,4879,空餘 故 壟 滿 青苔
385,4899,魏 宮 詞
386,4899,崔 國 輔
387,4899,朝日 照 紅 妝
388,4899,擬 上 銅 雀 臺
389,4899,畫眉 猶 未了
390,4899,魏帝 使人 催
391,4900,長信 草
392,4900,崔 國 輔
393,4900,長信 宮中 草
394,4900,年年 愁處 生
395,4900,故 侵 珠履 跡
396,4900,不使 玉階 行
397,4901,長樂 少年 行
398,4901,崔 國 輔
399,4901,遺 卻 珊瑚 鞭
400,4901,白馬 驕 不行
401,4901,章臺 折 楊柳
402,4901,春日 路傍 情
403,4903,中流 曲
404,4903,崔 國 輔
405,4903,歸時 日 尚早
406,4903,更欲 向 芳洲
407,4903,渡口 水流 急
408,4903,回 船 不 自由
409,4904,王孫 游
410,4904,崔 國 輔
411,4904,自與 王孫 別
412,4904,頻看 黃鳥 飛
413,4904,應 由 春草 誤
414,4904,著處 不成 歸
415,4905,采蓮 曲
416,4905,崔 國 輔
417,4905,玉 漵 花 爭 髮
418,4905,金塘 水 亂流
419,4905,相逢 畏 相失
420,4905,并 著 采蓮 舟
421,4906,子夜 冬 歌
422,4906,崔 國 輔
423,4906,寂寥 抱 冬心
424,4906,裁 羅 又 褧 褧
425,4906,夜 久 頻 挑燈
426,4906,霜寒 剪刀 冷
427,4907,麗人 曲
428,4907,崔 國 輔
429,4907,紅顏 稱 絕代
430,4907,欲 并 真 無侶
431,4907,獨有 鏡中 人
432,4907,由來 自 相許
433,4908,小 長干 曲
434,4908,崔 國 輔
435,4908,月 暗 送 潮 風
436,4908,相尋 路 不通
437,4908,菱歌 唱 不徹
438,4908,知 在此 塘 中
439,4909,王 昭君
440,4909,崔 國 輔
441,4909,漢使 南 還 盡
442,4909,胡 中 妾 獨 存
443,4909,紫臺 綿 望 絕
444,4909,秋草 不堪 論
445,4911,今 別離
446,4911,崔 國 輔
447,4911,送別 未 能 旋
448,4911,相望 連 水 口
449,4911,船 行 欲 映 洲
450,4911,幾度 急 颻 手
451,4912,衛 豔 詞
452,4912,崔 國 輔
453,4912,淇上 桑葉 青
454,4912,青樓 含 白日
455,4912,比 時 遙望 君
456,4912,車馬 城中 出
457,4913,渭水 西 別 李 崙
458,4913,崔 國 輔
459,4913,隴右 長亭 堠
460,4913,山陰 古塞 秋
461,4913,不知 嗚咽 水
462,4913,何事 向西 流
463,4914,古 意
464,4914,崔 國 輔
465,4914,淨掃 黃金 階
466,4914,飛霜 皎 如雪
467,4914,下簾 彈 箜篌
468,4914,不忍 見 秋 月
469,4915,送 韓 十四 被 魯 王 推 遞 往 濟南 府
470,4915,崔 國 輔
471,4915,西 候 情 何極
472,4915,南冠 怨 有餘
473,4915,梁 王 雖 好事
474,4915,不 察 獄 中 書
475,4917,九日
476,4917,崔 國 輔
477,4917,江邊 楓 落 菊花 黃
478,4917,少 長 登高 一 望鄉
479,4917,九日 陶家 雖 載酒
480,4917,三年 楚客 已 沾裳
481,4918,王 昭君
482,4918,崔 國 輔
483,4918,一回 望月 一回 悲
484,4918,望月 月移 人 不移
485,4918,何時 得 見 漢朝 使
486,4918,為 妾 傳書 斬 畫師
487,4939,別 妻 王 韞 秀
488,4939,元 載
489,4939,年 來 誰 不厭 龍鐘
490,4939,雖 在 侯門 似 不容
491,4939,看 取 海山 寒 翠 樹
492,4939,苦 遭 霜霰 到 秦 封
493,4964,戲 贈 邵 使君 張 郎
494,4964,盧 象
495,4964,少婦 石榴 裙
496,4964,新妝 白玉 面
497,4964,能 迷 張公 子
498,4964,不許 時 相見
499,4965,同 王維 過 崔 處士 林 亭
500,4965,盧 象
501,4965,映竹 時 聞 轉 轆轤
502,4965,當窗 只 見 網 蜘蛛
503,4965,主人 非 病 常 高臥
504,4965,環堵 蒙籠 一 老儒
505,4966,寄 河上 段 十 六
506,4966,盧 象
507,4966,與 君 相識 即 相親
508,4966,聞 道 君家 住 孟津
509,4966,為 見 行舟 試 借問
510,4966,客 中 時 有 落 陽 人
511,5002,白 牡丹
512,5002,裴 士 淹
513,5002,長安 年少 惜春 殘
514,5002,爭 認 慈恩 紫 牡丹
515,5002,別有 玉盤 乘露 冷
516,5002,無人 起 就 月中 看
517,5280,輞川 集 孟 城 坳
518,5280,王維
519,5280,新 家 孟 城 口
520,5280,古木 餘 衰柳
521,5280,來者 復 為誰
522,5280,空 悲 昔人 有
523,5281,輞川 集 華子 岡
524,5281,王維
525,5281,飛鳥 去 不窮
526,5281,連山 復秋 色
527,5281,上下 華子 岡
528,5281,惆悵 情 何極
529,5283,輞川 集 斤 竹 嶺
530,5283,王維
531,5283,檀欒 映 空 曲
532,5283,青翠 漾 漣漪
533,5283,暗 入 商人 路
534,5283,樵人 不可 知
535,5284,輞川 集 鹿 柴
536,5284,王維
537,5284,空山 不見 人
538,5284,但聞 人語 響
539,5284,返景 入 深林
540,5284,復 照 青苔 上
541,5285,輞川 集 木 蘭 柴
542,5285,王維
543,5285,秋山 斂 餘 照
544,5285,飛鳥 逐 前 侶
545,5285,綵翠 時 分明
546,5285,夕嵐 無處 所
547,5286,輞川 集 茱萸 沜
548,5286,王維
549,5286,結實 紅 且 綠
550,5286,復 如 花 更 開
551,5286,山 中 儻 留客
552,5286,置 此 芙蓉 杯
553,5287,輞川 集 宮槐 陌
554,5287,王維
555,5287,仄 徑 蔭 宮槐
556,5287,幽 陰 多 綠苔
557,5287,應門 但 迎 掃
558,5287,畏 有山 僧 來
559,5288,輞川 集 臨 湖亭
560,5288,王維
561,5288,輕舸 迎 上 客
562,5288,悠悠 湖 上 來
563,5288,當軒 對 尊酒
564,5288,四面 芙蓉 開
565,5289,輞川 集 南 垞
566,5289,王維
567,5289,輕舟 南 垞 去
568,5289,北 垞 淼 難 即
569,5289,隔浦 望 人家
570,5289,遙遙 不 相識
571,5290,輞川 集 欹 湖
572,5290,王維
573,5290,吹簫 凌 極浦
574,5290,日暮 送 夫君
575,5290,湖 上 一回 首
576,5290,青山 卷 白雲
577,5291,輞川 集 柳 浪
578,5291,王維
579,5291,分行 接 綺 樹
580,5291,倒影 入 清 漪
581,5291,不學 御溝 上
582,5291,春風 傷 別離
583,5292,輞川 集 欒 家 瀨
584,5292,王維
585,5292,颯颯 秋雨 中
586,5292,淺淺 石溜 瀉
587,5292,跳 波 自 相 濺
588,5292,白鷺 驚 復 下
589,5293,輞川 集 金屑 泉
590,5293,王維
591,5293,日 飲 金屑 泉
592,5293,少 當 千 餘 歲
593,5293,翠 鳳 翊 文 螭
594,5293,羽節 朝 玉帝
595,5294,輞川 集 白石 灘
596,5294,王維
597,5294,清淺 白石 灘
598,5294,綠 蒲 向 堪 把
599,5294,家 住 水東 西
600,5294,浣紗 明月 下
601,5295,輞川 集 北 垞
602,5295,王維
603,5295,北 垞 湖 水北
604,5295,雜樹 映 朱闌
605,5295,逶迤 南 川水
606,5295,明 滅 青林 端
607,5297,輞川 集 辛夷 塢
608,5297,王維
609,5297,木末 芙蓉 花
610,5297,山 中 髮 紅萼
611,5297,澗戶 寂 無人
612,5297,紛紛 開 且 落
613,5298,輞川 集 漆園
614,5298,王維
615,5298,古人 非 傲吏
616,5298,自 闕 經世 務
617,5298,偶 寄 一 微官
618,5298,婆娑 數株 樹
619,5299,輞川 集 椒 園
620,5299,王維
621,5299,桂 尊 迎 帝子
622,5299,杜若 贈 佳人
623,5299,椒漿 尊 瑤席
624,5299,欲下 雲中 君
625,5300,皇甫 嶽 雲 溪 雜 題 五 首 鳥鳴 澗
626,5300,王維
627,5300,人間 桂花 落
628,5300,夜靜 春山 空
629,5300,月出 驚 山 鳥
630,5300,時 鳴 春 澗 中
631,5301,皇甫 嶽 雲 溪 雜 題 五 首 蓮花 塢
632,5301,王維
633,5301,日日 采蓮 去
634,5301,洲 長 多 暮 歸
635,5301,弄 篙 莫 濺水
636,5301,畏 溼 紅蓮 衣
637,5302,皇甫 嶽 雲 溪 雜 題 五 首 鸕 ＊ 堰
638,5302,王維
639,5302,乍 向 紅蓮 沒
640,5302,復出 清 蒲 揚
641,5302,獨立 何 離褷
642,5302,銜魚 古 查 上
643,5303,皇甫 嶽 雲 溪 雜 題 五 首 上 平田
644,5303,王維
645,5303,朝 耕 上 平田
646,5303,暮 耕 上 平田
647,5303,借問 問津 者
648,5303,寧知 沮溺 賢
649,5304,皇甫 嶽 雲 溪 雜 題 五 首 萍 池
650,5304,王維
651,5304,春池 深 且 廣
652,5304,會待 輕舟 迴
653,5304,靡靡 綠萍 合
654,5304,垂楊 掃 復 開
655,5305,答 裴 迪 輞 口 遇 雨 憶 終南 山 之 作
656,5305,王維
657,5305,淼淼 寒流 廣
658,5305,蒼蒼 秋雨 晦
659,5305,君問 終南 山
660,5305,心知 白雲 外
661,5306,山 中 寄 諸 弟妹
662,5306,王維
663,5306,山 中 多 法侶
664,5306,禪誦 自為 群
665,5306,城郭 遙 相望
666,5306,唯 應見 白雲
667,5307,聞 裴 秀才 迪 吟詩 因 戲 贈
668,5307,王維
669,5307,猿吟 一何 苦
670,5307,愁 朝 復悲 夕
671,5307,莫作 巫峽 聲
672,5307,腸斷 秋江 客
673,5308,贈 韋 穆 十八
674,5308,王維
675,5308,與 君 青眼 客
676,5308,共 有 白雲 心
677,5308,不 向東 山 去
678,5308,日 令 春草 深
679,5309,送別
680,5309,王維
681,5309,山 中 相送 罷
682,5309,日暮 掩 柴扉
683,5309,春草 明年 綠
684,5309,王孫 歸 不歸
685,5310,臨高 臺 送 黎 拾遺
686,5310,王維
687,5310,相送 臨高 臺
688,5310,川原 杳 何極
689,5310,日暮 飛鳥 還
690,5310,行人 去 不息
691,5311,別 輞川 別業
692,5311,王維
693,5311,依遲 動 車馬
694,5311,惆悵 出 松蘿
695,5311,忍 別 青山 去
696,5311,其如 綠水 何
697,5312,崔 九 弟 欲往 南山 馬上 口號 與 別
698,5312,王維
699,5312,城隅 一分 手
700,5312,幾日 還 相見
701,5312,山 中有 桂花
702,5312,莫待 花 如霰
703,5313,題 友人 雲母 障 子
704,5313,王維
705,5313,君家 雲母 障
706,5313,時 向 野 庭 開
707,5313,自有 山泉 入
708,5313,非 因 采 畫 來
709,5314,紅 牡丹
710,5314,王維
711,5314,綠 艷 閒 且 靜
712,5314,紅 衣 淺 復深
713,5314,花心 愁 欲斷
714,5314,春色 豈知 心
715,5315,左掖 梨花
716,5315,王維
717,5315,閒 灑 階 邊 草
718,5315,輕 隨 箔 外 風
719,5315,黃鶯 弄 不足
720,5315,銜 入 未央 宮
721,5316,菩 提 寺 禁 口號 又 示 裴 迪
722,5316,王維
723,5316,安 提 舍 羅 網
724,5316,拂衣 辭 世 喧
725,5316,悠然 策 藜杖
726,5316,歸向 桃花 源
727,5318,崔 興 宗 寫 真 詠
728,5318,王維
729,5318,畫 君 年少 時
730,5318,如 今 君 已老
731,5318,今時 新 識人
732,5318,知君 舊時 好
733,5319,山 茱萸
734,5319,王維
735,5319,朱實 山下 開
736,5319,清香 寒更 髮
737,5319,幸 與 叢 桂花
738,5319,窗前 向秋 月
739,5321,書 事
740,5321,王維
741,5321,輕 陰 閣 小 雨
742,5321,深院 晝 慵開
743,5321,坐看 蒼苔 色
744,5321,欲上 人衣 來
745,5326,贈 裴 旻 將軍
746,5326,王維
747,5326,腰間 寶劍 七星 文
748,5326,臂 上 琱弓 百戰 勳
749,5326,見說 雲中 擒 黠虜
750,5326,始知 天上 有 將軍
751,5327,九 月 九日 憶 山東 兄弟
752,5327,王維
753,5327,獨在 異鄉 為 異 客
754,5327,每逢 佳節 倍 思 親
755,5327,遙知 兄弟 登高 處
756,5327,遍 插 茱萸 少 一人
757,5328,送 王 尊師 歸 蜀 中 拜掃
758,5328,王維
759,5328,大羅 天上 神仙 客
760,5328,濯 錦江 頭花 柳 春
761,5328,不為 碧雞 稱 使者
762,5328,唯 令 白鶴 報 鄉 人
763,5329,渭城 曲
764,5329,王維
765,5329,渭城 朝雨 浥 輕 塵
766,5329,客舍 青青 楊柳 春
767,5329,勸君 更 盡 一杯 酒
768,5329,西 出 陽關 無 故人
769,5330,齊州 送 祖 二
770,5330,王維
771,5330,送君 南浦 淚 如絲
772,5330,君 向東 州 使我 悲
773,5330,為報 故人 憔悴 盡
774,5330,如 今 不似 洛陽 時
775,5331,送 韋 評事
776,5331,王維
777,5331,欲 逐 將軍 取 右 賢
778,5331,沙場 走馬 向 居延
779,5331,遙知 漢使 蕭關 外
780,5331,愁見 孤城 落日 邊
781,5332,靈 雲 池 送 從 弟
782,5332,王維
783,5332,金杯 緩 酌 清歌 轉
784,5332,畫舸 輕 移 艷舞 回
785,5332,自歎 鶺鴒 臨水 別
786,5332,不同 鴻雁 向 池 來
787,5333,送 沈 之 歸 江東
788,5333,王維
789,5333,楊柳 渡頭 行客 稀
790,5333,罟師 盪槳 向 臨 圻
791,5333,唯有 相思 似 春色
792,5333,江南 江 北 送君 歸
793,5334,與 廬 員外 象 過 崔 處士 興 宗 林 亭
794,5334,王維
795,5334,綠樹 重 陰 蓋 四鄰
796,5334,青苔 日 厚 自 無塵
797,5334,科頭 箕踞 長松 下
798,5334,白 眼看 他 世上 人
799,5335,寒食 汜 上 作
800,5335,王維
801,5335,廣武 城邊 逢 暮春
802,5335,汶陽 歸客 淚 沾巾
803,5335,落花 寂寂 啼 山 鳥
804,5335,楊柳 青青 渡水 人
805,5336,戲 題 輞川 別業
806,5336,王維
807,5336,柳條 拂地 不須 折
808,5336,松樹 披雲 從 更長
809,5336,藤花 欲 暗 藏 猱 子
810,5336,柏葉 初 齊 養 麝香
811,5337,戲 題 盤石
812,5337,王維
813,5337,可憐 盤石 臨 泉水
814,5337,復有 垂楊 拂 酒杯
815,5337,若 道 春風 不解 意
816,5337,何因 吹 送 落花 來
817,5338,寄 河上 段 十 六
818,5338,王維
819,5338,與 君 相見 即 相親
820,5338,聞 道 君家 在 孟津
821,5338,為 見 行舟 試 借問
822,5338,客 中 時 有 洛陽 人
823,5340,涼州 賽 神
824,5340,王維
825,5340,涼州 城外 少 行人
826,5340,百尺 峰頭 望 虜塵
827,5340,健兒 擊鼓 吹 羌笛
828,5340,共 賽 城東 越騎 神
829,5342,嘆 白髮
830,5342,王維
831,5342,宿昔 朱顏 成 暮齒
832,5342,須臾 白髮 變 垂髫
833,5342,一生 幾許 傷心 事
834,5342,不 向空 門 何處 銷
835,5343,伊州 歌
836,5343,王維
837,5343,清風 明月 苦 相思
838,5343,蕩子 從戎 十載 餘
839,5343,征人 去日 殷勤 囑
840,5343,歸雁 來時 數 附書
841,5344,送 殷 四 葬
842,5344,王維
843,5344,送君 返葬 石樓 山
844,5344,松柏 蒼蒼 賓 馭 還
845,5344,埋骨 白雲 長 已矣
846,5344,空餘 流水 向人 間
847,5345,疑 夢
848,5345,王維
849,5345,莫 驚 寵辱 空 憂喜
850,5345,莫 計 恩 讎 浪 苦辛
851,5345,黃帝 孔丘 何處 問
852,5345,安 知 不是 夢中 身
853,5350,別 輞川 別業
854,5350,王 縉
855,5350,山月 曉 仍在
856,5350,林風 涼 不絕
857,5350,殷勤 如 有情
858,5350,惆悵 令人 別
859,5351,與 廬 員外 象 過 崔 處士 興 宗 林 亭
860,5351,王 縉
861,5351,身名 不問 十年 餘
862,5351,老 大 誰能 更 讀書
863,5351,林中 獨酌 鄰家 酒
864,5351,門外 時 聞 長者 車
865,5360,輞川 集 二十 首 孟 城 坳
866,5360,裴 迪
867,5360,結廬 古 城下
868,5360,時 登 古 城上
869,5360,古 城 非 疇昔
870,5360,今人 自來 往
871,5361,輞川 集 二十 首 華子 岡
872,5361,裴 迪
873,5361,落日 松風 起
874,5361,還家 草露 晞
875,5361,雲光 侵 履跡
876,5361,山 翠 拂 人衣
877,5362,輞川 集 二十 首 文杏 館
878,5362,裴 迪
879,5362,迢迢 文杏 館
880,5362,躋攀 日已 屢
881,5362,南 嶺 與 北 湖
882,5362,前 看 復回 顧
883,5363,輞川 集 二十 首 斤 竹 嶺
884,5363,裴 迪
885,5363,明 流 紆 且 直
886,5363,綠 筱 密 復深
887,5363,一 徑 通 山路
888,5363,行歌 望 舊 岑
889,5364,輞川 集 二十 首 鹿 柴
890,5364,裴 迪
891,5364,日夕 見 寒山
892,5364,便 為 獨 住 客
893,5364,不知 深林 事
894,5364,但有 麇麚 跡
895,5365,輞川 集 二十 首 木 蘭 柴
896,5365,裴 迪
897,5365,蒼蒼 落日 時
898,5365,鳥聲 亂 谿水
899,5365,緣 谿路 轉深
900,5365,幽興 何時 已
901,5367,輞川 集 二十 首 宮槐 陌
902,5367,裴 迪
903,5367,門前 宮槐 陌
904,5367,是 向 欹 湖 道
905,5367,秋來 山雨 多
906,5367,落葉 無人 掃
907,5368,輞川 集 二十 首 臨 湖亭
908,5368,裴 迪
909,5368,當軒 彌 滉漾
910,5368,孤月 正 裴回
911,5368,穀口 猿聲 髮
912,5368,風 傳 入戶 來
913,5369,輞川 集 二十 首 南 垞
914,5369,裴 迪
915,5369,孤舟 信 一 泊
916,5369,南 垞 湖 水岸
917,5369,落日 下 崦嵫
918,5369,清波 殊 淼漫
919,5370,輞川 集 二十 首 欹 湖
920,5370,裴 迪
921,5370,空闊 湖 水 廣
922,5370,青熒 天色 同
923,5370,艤舟 一 長嘯
924,5370,四面 來 清風
925,5371,輞川 集 二十 首 柳 浪
926,5371,裴 迪
927,5371,映 池 同 一色
928,5371,逐吹 散 如絲
929,5371,結 陰 既 得地
930,5371,何 謝 陶家 時
931,5372,輞川 集 二十 首 欒 家 瀨
932,5372,裴 迪
933,5372,瀨 聲 喧 極浦
934,5372,沿 涉 向南 津
935,5372,泛泛 鷗 鳧 渡
936,5372,時 時 欲 近人
937,5373,輞川 集 二十 首 金屑 泉
938,5373,裴 迪
939,5373,縈 渟 澹 不流
940,5373,金碧 如 可 拾
941,5373,迎晨 含 素華
942,5373,獨往 事 朝 汲
943,5374,輞川 集 二十 首 白石 灘
944,5374,裴 迪
945,5374,跂石 復 臨水
946,5374,弄 波 情 未極
947,5374,日下 川上 寒
948,5374,浮雲 澹 無色
949,5375,輞川 集 二十 首 北 垞
950,5375,裴 迪
951,5375,南山 北 垞 下
952,5375,結 字 臨 欹 湖
953,5375,每 欲 采樵 去
954,5375,扁舟 出 菰蒲
955,5377,輞川 集 二十 首 辛夷 塢
956,5377,裴 迪
957,5377,綠 堤 春草 合
958,5377,王孫 自 留 玩
959,5377,況 有 辛夷 花
960,5377,色 與 芙蓉 亂
961,5378,輞川 集 二十 首 漆園
962,5378,裴 迪
963,5378,好 閒 早 成性
964,5378,果 此 諧 宿諾
965,5378,今日 漆園 游
966,5378,還同 莊叟 樂
967,5379,輞川 集 二十 首 椒 園
968,5379,裴 迪
969,5379,丹 刺 罥 人衣
970,5379,芳香 留 過 客
971,5379,幸 堪 調鼎 用
972,5379,願君 垂 采摘
973,5380,輞 口 遇 雨 憶 終南 山 因 獻 王維
974,5380,裴 迪
975,5380,積雨 晦 空 曲
976,5380,平沙 滅 浮 綵
977,5380,輞 水去 悠悠
978,5380,南山 復 何在
979,5387,留 別 王維
980,5387,崔 興 宗
981,5387,駐馬 欲 分襟
982,5387,清 寒 御溝 上
983,5387,前山 景氣 佳
984,5387,獨 住 還 惆悵
985,5388,酬 王維 廬 象 見 過 林 亭
986,5388,崔 興 宗
987,5388,窮巷 空 林 常閉 關
988,5388,悠然 獨臥 對 前山
989,5388,今朝 忽枉 嵇 生 駕
990,5388,倒屣 開門 遙 解顏
991,5401,左掖 梨花
992,5401,丘 為
993,5401,冷艷 全 欺 雪
994,5401,餘香 乍入 衣
995,5401,春風 且 莫 定
996,5401,吹 向 玉階 飛
997,5443,維 陽 送 友 還 蘇州
998,5443,崔 顥
999,5443,長安 南 下 幾 程途
1000,5443,得到 邗溝 弔 綠蕪
1001,5443,渚 畔 鱸魚 舟上 釣
1002,5443,羨君 歸老 向東 吳
1003,5476,寄 王 長史
1004,5476,祖 詠
1005,5476,汝 穎 俱 宿好
1006,5476,往來 托 層巒
1007,5476,終日 何 寂寞
1008,5476,繞 籬 生 蕙蘭
1009,5477,別 怨
1010,5477,祖 詠
1011,5477,送別 到 中流
1012,5477,秋 船 倚 渡頭
1013,5477,相看 尚 不遠
1014,5477,未 可即 回舟
1015,5478,終南 望 餘 雪
1016,5478,祖 詠
1017,5478,終南 陰嶺 秀
1018,5478,積雪 浮雲 端
1019,5478,林表 明 霽色
1020,5478,城中 增 暮 寒
1021,5594,奉 送 五 叔 入京 兼 寄 綦 毋 三
1022,5594,李 頎
1023,5594,雲陰 帶殘 日
1024,5594,悵 別 此 何時
1025,5594,欲 望 黃山 道
1026,5594,無 由 見 所思
1027,5595,寄 韓 鵬
1028,5595,李 頎
1029,5595,為政 心閒 物 自閒
1030,5595,朝看 飛鳥 暮 飛 還
1031,5595,寄書 河上 神明 宰
1032,5595,羨爾 城頭 姑射 山
1033,5596,百花 原
1034,5596,李 頎
1035,5596,百花 原 頭 望 京師
1036,5596,黃河 水流 無已 時
1037,5596,窮秋 曠野 行人 絕
1038,5596,馬首 東來 知是 誰
1039,5597,遇 劉 五
1040,5597,李 頎
1041,5597,洛陽 一 別 梨花 新
1042,5597,黃鳥 飛飛 逢 故人
1043,5597,攜手 當年 共 為 樂
1044,5597,無 驚 蕙草 惜 殘春
1045,5598,送 崔 嬰 赴 漢陽
1046,5598,李 頎
1047,5598,中外 相連 弟 與 兄
1048,5598,新 加 小 縣 子男 名
1049,5598,纔 年 三十 佩銅 印
1050,5598,知 爾 弦歌 漢水 清
1051,5599,奉 送 五 叔 入京 兼 寄 綦 毋 三
1052,5599,李 頎
1053,5599,吏部 明年 拜 官 後
1054,5599,西城 必 與 故人 期
1055,5599,寄書 春草 年年 色
1056,5599,莫道 相逢 玉女 祠
1057,5600,野老 曝背
1058,5600,李 頎
1059,5600,百歲 老翁 不 種田
1060,5600,惟 知 曝背 樂 殘年
1061,5600,有時 捫虱 獨 搔首
1062,5600,目送 歸鴻 籬下 眠
1063,5602,詠 張 諲 山水
1064,5602,李 頎
1065,5602,小山 破體 閒 支策
1066,5602,落日 梨花 照 空 壁
1067,5602,詩 堪 記室 妒 風流
1068,5602,畫 與 將軍 作 ♂ 敵
1069,5625,滿 公房
1070,5625,綦 毋 潛
1071,5625,世界 蓮花 藏
1072,5625,行人 香火 緣
1073,5625,燈王 照 不盡
1074,5625,中夜 寂 相傳
1075,5626,過 融 上 人 蘭若
1076,5626,綦 毋 潛
1077,5626,山頭 禪室 挂 僧 衣
1078,5626,窗外 無人 谿 鳥 飛
1079,5626,黃昏 半 在 下山 路
1080,5626,卻 聽鐘 聲 連 翠微
1081,5627,早 髮 上 東門
1082,5627,綦 毋 潛
1083,5627,十五 能 行 西 入秦
1084,5627,三十 無家 作 路人
1085,5627,時命 不將 明主 合
1086,5627,布衣 空 染 洛陽 塵
1087,5791,同 武 平 一 員外 遊 湖
1088,5791,儲 光 羲
1089,5791,竹 吹 留 歌扇
1090,5791,蓮 香 入 舞衣
1091,5791,前溪 多 曲 漵
1092,5791,乘興 莫 先 歸
1093,5794,關山 月
1094,5794,儲 光 羲
1095,5794,一雁 過 連 營
1096,5794,繁霜 覆 古 城
1097,5794,胡笳 在 何處
1098,5794,半夜 起邊 聲
1099,5795,玉真 公主 山居
1100,5795,儲 光 羲
1101,5795,山 北 天泉 苑
1102,5795,山 西 鳳 女 家
1103,5795,不言 沁 園 好
1104,5795,獨 隱 武陵 花
1105,5796,滄浪 峽
1106,5796,儲 光 羲
1107,5796,滄浪 臨 古道
1108,5796,道上 若 成塵
1109,5796,自有 滄浪 峽
1110,5796,誰為 無事 人
1111,5797,奉 真 觀
1112,5797,儲 光 羲
1113,5797,真 門 迥 向北
1114,5797,馳道 直 向西
1115,5797,為 與 天光 近
1116,5797,雲色 成 虹霓
1117,5800,題 茅 山 華陽 洞
1118,5800,儲 光 羲
1119,5800,華陽 洞口 片 雲飛
1120,5800,細雨 蒙蒙 欲 溼衣
1121,5800,玉簫 遍 滿 仙壇 上
1122,5800,應是 茅 家 兄弟 歸
1123,5801,寄 孫 山人
1124,5801,儲 光 羲
1125,5801,新林 二月 孤舟 還
1126,5801,水 滿 清江 花 滿 山
1127,5801,借問 故園 隱 君子
1128,5801,時 時 來 往 住 人間
1129,5892,朝來 曲
1130,5892,王昌 齡
1131,5892,月 昃 鳴珂 動
1132,5892,花 連 繡戶 春
1133,5892,盤龍 玉臺 鏡
1134,5892,唯待 畫眉 人
1135,5893,從軍 行
1136,5893,王昌 齡
1137,5893,大將 軍 出 戰
1138,5893,白日 暗 榆關
1139,5893,三面 黃金 甲
1140,5893,單於 破膽 還
1141,5896,題 僧房
1142,5896,王昌 齡
1143,5896,棕櫚 花 滿 院
1144,5896,臺 蘚 入 閒 房
1145,5896,彼此 名言 絕
1146,5896,空中 聞 異香
1147,5897,擊 磐 老人
1148,5897,王昌 齡
1149,5897,雙 峰 褐衣 久
1150,5897,一 磐 白眉 長
1151,5897,誰識 野人 意
1152,5897,徒 看 春草 芳
1153,5898,送 胡 大
1154,5898,王昌 齡
1155,5898,荊門 不堪 別
1156,5898,況乃 瀟湘 秋
1157,5898,何處 遙望 君
1158,5898,江邊 明月 樓
1159,5899,送 郭 司倉
1160,5899,王昌 齡
1161,5899,映 門 淮水 綠
1162,5899,留 騎 主人 心
1163,5899,明月 隨 良 掾
1164,5899,春 潮 夜夜 深
1165,5900,送 李 十五
1166,5900,王昌 齡
1167,5900,怨別 秦 楚 深
1168,5900,江中 秋雲 起
1169,5900,天長 杳 無 隔
1170,5900,月影 在 寒水
1171,5901,送 張 四
1172,5901,王昌 齡
1173,5901,楓林 已 愁暮
1174,5901,楚水 復 堪悲
1175,5901,別 後 冷 山月
1176,5901,清猿 無 斷 時
1177,5902,武陵 田 太守 席 送 司馬 盧 谿
1178,5902,王昌 齡
1179,5902,諸侯 分 楚 郡
1180,5902,飲餞 五 谿 春
1181,5902,山水 清暉 遠
1182,5902,俱 憐 一 逐臣
1183,5903,送 譚 八 之 桂林
1184,5903,王昌 齡
1185,5903,客心 仍在 楚
1186,5903,江館 復 臨 湘
1187,5903,別 意 猿鳥 外
1188,5903,天寒 桂水 長
1189,5904,送 劉 十五 之 郡
1190,5904,王昌 齡
1191,5904,平明 江 霧 寒
1192,5904,客 馬 江上 髮
1193,5904,扁舟 事 洛陽
1194,5904,窅窅 含 楚 月
1195,5909,春宮 曲 唐 人 絕句 作 殿前 曲
1196,5909,王昌 齡
1197,5909,昨夜 風 開 露井 桃
1198,5909,未央 前殿 月輪 高
1199,5909,平陽 歌舞 新 承 寵
1200,5909,簾 外 春寒 賜 錦袍
1201,5910,西宮 春 怨
1202,5910,王昌 齡
1203,5910,西宮 夜靜 百花 香
1204,5910,欲 捲 珠簾 春恨 長
1205,5910,斜 抱 雲和 深 見月
1206,5910,朦 朧 樹色 隱 昭陽
1207,5911,西宮 秋 怨
1208,5911,王昌 齡
1209,5911,芙蓉 不及 美人 妝
1210,5911,水殿 風來 珠翠 香
1211,5911,誰 分 含 啼 掩 秋扇
1212,5911,空 懸 明月 待君 王
1213,5914,青樓 怨
1214,5914,王昌 齡
1215,5914,香 幃 風動 花 入 樓
1216,5914,高 調 鳴箏 緩 夜 愁
1217,5914,腸斷 關山 不解 說
1218,5914,依依 殘月 下簾 鉤
1219,5915,浣紗 女
1220,5915,王昌 齡
1221,5915,錢塘 江畔 是誰 家
1222,5915,江上 女兒 全勝 花
1223,5915,吳王 在時 不得 出
1224,5915,今日 公然 來 浣紗
1225,5916,閨 怨
1226,5916,王昌 齡
1227,5916,閨 中 少婦 不曾 愁
1228,5916,春日 凝妝 上 翠樓
1229,5916,忽見 陌頭 楊柳 色
1230,5916,悔 教 夫婿 覓 封侯
1231,5917,甘泉 歌
1232,5917,王昌 齡
1233,5917,乘輿 執玉 已登 壇
1234,5917,細草 霑衣 春 殿 寒
1235,5917,昨夜 雲生 拜 初月
1236,5917,萬年 甘露 水晶 盤
1237,5919,觀 獵
1238,5919,王昌 齡
1239,5919,角鷹 初下 秋草 稀
1240,5919,鐵驄 拋 鞚 去 如飛
1241,5919,少年 獵 得 平原 兔
1242,5919,馬 後 橫 捎 意氣 歸
1243,5921,寄 陶 副使
1244,5921,王昌 齡
1245,5921,聞 道 將軍 破 海門
1246,5921,如何 遠謫 渡 湘沅
1247,5921,春來 明主 封 西嶽
1248,5921,自有 還 君 紫綬 恩
1249,5922,至 南陵 答 皇甫 嶽
1250,5922,王昌 齡
1251,5922,與 君同 病 復 漂淪
1252,5922,昨夜 宣城 別 故人
1253,5922,明主 恩深 非 歲 久
1254,5922,長江 還 共 五 谿 濱
1255,5924,李 四 倉曹 宅 夜 飲
1256,5924,王昌 齡
1257,5924,霜天 留 後 故情 歡
1258,5924,銀燭 金爐 夜 不寒
1259,5924,欲問 吳江 別 來 意
1260,5924,青山 明月 夢中 看
1261,5925,宴 春 源
1262,5925,王昌 齡
1263,5925,源 向 春城 花 幾重
1264,5925,江明 深 翠 引 諸 峰
1265,5925,與 君醉 失 松 谿路
1266,5925,山館 寥寥 傳 暝鐘
1267,5926,龍 標 野 宴
1268,5926,王昌 齡
1269,5926,沅谿 夏晚 足 涼風
1270,5926,春酒 相攜 就 竹 叢
1271,5926,莫道 絃歌 愁遠 謫
1272,5926,青山 明月 不曾 空
1273,5927,聽 流人 水調 子
1274,5927,王昌 齡
1275,5927,孤舟 微月 對 楓林
1276,5927,分付 鳴箏 與 客心
1277,5927,嶺 色 千重 萬 重 雨
1278,5927,斷絃 收 與 淚痕 深
1279,5928,梁苑
1280,5928,王昌 齡
1281,5928,梁園 秋竹 古時 煙
1282,5928,城外 風悲 欲暮 天
1283,5928,萬乘 旌旗 何處 在
1284,5928,平臺 賓 客 有誰 憐
1285,5929,武陵 龍興 觀 黃 道士 房 問 易 因 題
1286,5929,王昌 齡
1287,5929,齋心 問 邑 太陽 宮
1288,5929,八卦 真 形 一氣 中
1289,5929,仙 老 言 餘 鶴 飛去
1290,5929,玉清 壇上 雨 濛濛
1291,5931,別 李 浦 之 京
1292,5931,王昌 齡
1293,5931,故園 今 在 灞陵 西
1294,5931,江畔 逢君 醉 不迷
1295,5931,小弟 鄰 莊 尚 漁獵
1296,5931,一封 書 寄 數行 啼
1297,5932,送 狄 宗 亨
1298,5932,王昌 齡
1299,5932,秋 在水 清 山 暮蟬
1300,5932,洛陽 樹色 鳴皋 煙
1301,5932,送君 歸去 愁 不盡
1302,5932,又 惜 空 度 涼風 天
1303,5933,送 薛 大 赴 安陸
1304,5933,王昌 齡
1305,5933,津頭 雲雨 暗 湘山
1306,5933,遷客 離憂 楚 地 顏
1307,5933,遙 送 扁舟 安陸 郡
1308,5933,天邊 何處 穆陵 關
1309,5935,重 別 李 評事
1310,5935,王昌 齡
1311,5935,莫道 秋江 離別 難
1312,5935,舟船 明日 是 長安
1313,5935,吳姬 緩 舞 留君 醉
1314,5935,隨意 青楓 白露 寒
1315,5936,別 陶 副使 歸 南海
1316,5936,王昌 齡
1317,5936,南越 歸人 夢 海 樓
1318,5936,廣陵 新月 海 亭 秋
1319,5936,寶 刀 留 贈 長 相憶
1320,5936,當取 戈船 萬戶 侯
1321,5937,送 人 歸 江 夏
1322,5937,王昌 齡
1323,5937,寒江 綠水 楚雲 深
1324,5937,莫道 離憂 遷 遠心
1325,5937,曉夕 雙 帆 歸 鄂渚
1326,5937,愁 將 孤月 夢中 尋
1327,5938,送 李 五
1328,5938,王昌 齡
1329,5938,玉碗 金罍 傾 送君
1330,5938,江西 日入 起 黃雲
1331,5938,扁舟 乘月 暫來 去
1332,5938,誰道 滄浪 吳楚 分
1333,5939,送 十五 舅
1334,5939,王昌 齡
1335,5939,深林 秋水 近日 空
1336,5939,歸櫂 演漾 清陰 中
1337,5939,夕 浦 離觴 意 何 已
1338,5939,草根 寒露 悲鳴 蟲
1339,5940,留 別 郭 八
1340,5940,王昌 齡
1341,5940,長亭 駐馬 未 能 前
1342,5940,井邑 蒼茫 含 暮煙
1343,5940,醉 別 何 須 更 惆悵
1344,5940,迴頭 不語 但 垂鞭
1345,5941,送 竇 七
1346,5941,王昌 齡
1347,5941,清江 月色 傍林 秋
1348,5941,波 上 熒熒 望 一 舟
1349,5941,鄂渚 輕帆 須 早 髮
1350,5941,江邊 明月 為君 留
1351,5942,巴陵 送 李 十二
1352,5942,王昌 齡
1353,5942,颻曳 巴陵 洲渚 分
1354,5942,清江 傳語 便 風 聞
1355,5942,山長 不見 秋城 色
1356,5942,日暮 蒹葭 空 水雲
1357,5943,送 裴 圖南
1358,5943,王昌 齡
1359,5943,黃河 渡頭 歸 問津
1360,5943,離家 幾日 茱萸 新
1361,5943,漫 道 閨 中 飛 破鏡
1362,5943,猶 看 陌上 別 行人
1363,5944,留 別 司馬 太守
1364,5944,王昌 齡
1365,5944,辰陽 太守 念 王孫
1366,5944,遠謫 沅谿 何 可論
1367,5944,黃鶴 青雲 當 一 舉
1368,5944,明珠 吐 著 報 君恩
1369,5945,盧 谿 主人
1370,5945,王昌 齡
1371,5945,武陵 谿口 駐 扁舟
1372,5945,谿水 隨君 向北 流
1373,5945,行到 荊門 上 三峽
1374,5945,莫 將 孤月 對 猿愁
1375,5946,送 程 六
1376,5946,王昌 齡
1377,5946,冬 夜 傷 離 在 五 谿
1378,5946,青 魚 雪 落 鱠 橙 虀
1379,5946,武岡 前路 看 斜月
1380,5946,片片 舟中 雲 向西
1381,5947,送 朱 越
1382,5947,王昌 齡
1383,5947,遠別 舟中 蔣 山 暮
1384,5947,君行 舉首 燕 城路
1385,5947,薊門 秋 月 隱 黃雲
1386,5947,期 向 金陵 醉 江樹
1387,5948,別 辛 漸
1388,5948,王昌 齡
1389,5948,別館 蕭條 風雨 寒
1390,5948,扁舟 月色 渡江 看
1391,5948,酒酣 不識 關西 道
1392,5948,卻 望 春江 雲 尚殘
1393,5949,送 柴 侍御
1394,5949,王昌 齡
1395,5949,流水 通波 接 武岡
1396,5949,送君 不覺 有 離 傷
1397,5949,青山 一道 同 雲雨
1398,5949,明月 何曾 是 兩 鄉
1399,5950,送 萬 大 歸 長沙
1400,5950,王昌 齡
1401,5950,桂陽 秋水 長沙 縣
1402,5950,楚 竹 離聲 為君 變
1403,5950,青山 隱隱 孤舟 微
1404,5950,白鶴 雙飛 忽 相見
1405,5951,送 吳 十九 往 沅 陵
1406,5951,王昌 齡
1407,5951,沅江 流水 到 辰陽
1408,5951,谿口 逢君 驛路 長
1409,5951,遠謫 誰 知 望 雷雨
1410,5951,明年 春水 共 還鄉
1411,5952,別 皇甫 五
1412,5952,王昌 齡
1413,5952,淑 浦 潭 陽 隔 楚山
1414,5952,離尊 不用 起 愁 顏
1415,5952,明 祠 靈響 期 昭 應
1416,5952,天澤 俱 從此 路 還
1417,5953,送 崔 參軍 往 龍 谿
1418,5953,王昌 齡
1419,5953,龍 谿 只在 龍 標 上
1420,5953,秋 月孤 山 兩 相向
1421,5953,譴謫 離心 是 丈夫
1422,5953,鴻恩 共 侍 春江 漲
1423,5954,送 鄭 判官
1424,5954,王昌 齡
1425,5954,東 楚 吳山 驛樹 微
1426,5954,軺車 銜命 奉恩 輝
1427,5954,英僚 攜 出 新豐 酒
1428,5954,半 道 遙看 驄馬 歸
1429,5955,送 姚 司 法 歸 吳
1430,5955,王昌 齡
1431,5955,吳 掾 留 觴 楚 郡 心
1432,5955,洞庭 秋雨 海門 陰
1433,5955,但令 意 遠 扁舟 近
1434,5955,不道 滄江 百 丈 深
1435,5956,送 高 三 之 桂林
1436,5956,王昌 齡
1437,5956,留君 夜 飲 對 瀟湘
1438,5956,從此 歸舟 客夢 長
1439,5956,嶺上 梅花 侵 雪 暗
1440,5956,歸時 還 拂 桂花 香
1441,5957,旅 望
1442,5957,王昌 齡
1443,5957,白 花 原 頭 望 京師
1444,5957,黃河 水流 無 盡 時
1445,5957,窮秋 曠野 行人 絕
1446,5957,馬首 東來 知是 誰
1447,5958,題 朱 鍊師 山房
1448,5958,王昌 齡
1449,5958,叩齒 焚香 出世 塵
1450,5958,齋壇 鳴 磬 步虛 人
1451,5958,百花 仙 醞 能 留客
1452,5958,一 飯 胡麻 度 幾 春
1453,5960,河上 老人 歌
1454,5960,王昌 齡
1455,5960,河上 老人 坐 古槎
1456,5960,合 丹 只 用 青蓮 花
1457,5960,至 今 八 十 如 四十
1458,5960,口 道 滄溟 是 我家
1459,5961,春 怨
1460,5961,％ 樂府 近 代 曲 載 蓋 罹 逢 二 首 . 前 一曲 乃 王昌 齡 出塞 . 第一 首 第二 曲 即 此詩 也 . 不著 作 者 姓名
1461,5961,王昌 齡
1462,5961,音書 杜 絕 白狼 西
1463,5961,桃李 無顏 黃鳥 啼
1464,5961,寒雁 春深 歸去 盡
1465,5961,出門 腸斷 草 萋萋
1466,6007,塞 下
1467,6007,常 建
1468,6007,鐵馬 胡 裘 出漢 營
1469,6007,分麾 百 道 救 龍城
1470,6007,左 賢 未 遁 旌 竿 折
1471,6007,過 在 將軍 不在 兵
1472,6009,嶺猿
1473,6009,常 建
1474,6009,杳杳 裊裊 清 且 切
1475,6009,鷓鴣 飛處 又斜 陽
1476,6009,相思 嶺上 相思 淚
1477,6009,不到 三聲 合 斷腸
1478,6010,三日 尋 李 九 莊
1479,6010,常 建
1480,6010,雨歇 楊 林 東 渡頭
1481,6010,永和 三日 盪 輕舟
1482,6010,故人 家 在 桃花 岸
1483,6010,直 到 門前 谿水 流
1484,6013,吳 故宮
1485,6013,常 建
1486,6013,越女 歌 長 君 且聽
1487,6013,芙蓉 香滿 水邊 城
1488,6013,豈知 一日 終 非 主
1489,6013,猶 自 如 今 有 怨 聲
1490,6022,春夜 裁縫
1491,6022,蔣 維 翰
1492,6022,珠箔 因 風起
1493,6022,飛蛾 入 最能
1494,6022,不教 人 夜作
1495,6022,方便 殺 明 燈
1496,6023,春 女 怨
1497,6023,蔣 維 翰
1498,6023,白玉 堂 前 一樹 梅
1499,6023,今朝 忽見 數 花開
1500,6023,兒 家 門戶 尋常 閉
1501,6023,春色 因何 入 得 來
1502,6024,怨 歌行
1503,6024,蔣 維 翰
1504,6024,白 尺 珠 樓 臨 狹斜
1505,6024,新妝 能 唱 美人 車
1506,6024,皆言 賤妾 紅顏 好
1507,6024,要 自 狂夫 不憶 家
1508,6031,題 情人 藥欄
1509,6031,萬 楚
1510,6031,斂眉 語 芳草
1511,6031,何許 太 無情
1512,6031,正 見 離人 別
1513,6031,春心 相向 生
1514,6032,河 人 逢 落花
1515,6032,萬 楚
1516,6032,河水 浮 落花
1517,6032,花 流 東 不息
1518,6032,應見 浣紗 人
1519,6032,為 道 長 相憶
1520,6061,逢 雪 宿 芙蓉 山 主人
1521,6061,劉 長卿
1522,6061,日暮 蒼山 遠
1523,6061,天寒 白屋 貧
1524,6061,柴門 聞 犬吠
1525,6061,風雪 夜歸 人
1526,6063,贈 秦 繫 徽 君
1527,6063,劉 長卿
1528,6063,群公 誰 讓 位
1529,6063,五柳 獨知 貧
1530,6063,惆悵 青山 路
1531,6063,煙霞 老 此人
1532,6065,夜中 封 雪 贈 秦 繫 時 秦 初 與 謝 氏 離 婚
1533,6065,劉 長卿
1534,6065,月明 花 滿地
1535,6065,君 自 憶 山陰
1536,6065,誰遣 因 風起
1537,6065,紛紛 亂 此心
1538,6066,湘妃
1539,6066,劉 長卿
1540,6066,帝子 不可 見
1541,6066,秋風 來 暮 思
1542,6066,嬋娟 湘江 月
1543,6066,千載 空 娥眉
1544,6067,斑竹
1545,6067,劉 長卿
1546,6067,蒼梧 千載 後
1547,6067,斑竹 對 湘沅
1548,6067,欲識 湘妃 怨
1549,6067,枝枝 滿 淚痕
1550,6068,春草 宮 懷古
1551,6068,劉 長卿
1552,6068,君王 不可 見
1553,6068,芳草 舊宮 春
1554,6068,猶帶 羅裙 色
1555,6068,青青 向 楚人
1556,6070,瓜洲 道 中 送 李 端 公 南渡 後 歸 楊 州 道 中 寄
1557,6070,劉 長卿
1558,6070,片帆 何處 去
1559,6070,匹馬 獨歸 遲
1560,6070,惆悵 江南 北
1561,6070,青山 欲暮 水
1562,6071,送 張 十八 歸 桐廬
1563,6071,劉 長卿
1564,6071,歸人 乘 野艇
1565,6071,帶月 過江 村
1566,6071,正 落寒 潮 時
1567,6071,相隨 夜 到 門
1568,6073,聽 彈琴
1569,6073,劉 長卿
1570,6073,泠泠 七絲 上
1571,6073,靜聽 松風 寒
1572,6073,古調 雖 自愛
1573,6073,今人 多 不 彈
1574,6074,遊 南園 偶 見 在 陰 牆下 葵 因 以 成 詠
1575,6074,劉 長卿
1576,6074,此地 常 無 日
1577,6074,青青 獨在 陰
1578,6074,太陽 偏 不及
1579,6074,非是 未 傾心
1580,6078,送 方外 上 人
1581,6078,劉 長卿
1582,6078,孤雲 將 野鶴
1583,6078,豈 向人 間 住
1584,6078,莫 買 沃洲 山
1585,6078,時人 已知 處
1586,6079,送 靈 澈 上 人
1587,6079,劉 長卿
1588,6079,蒼蒼 竹林 寺
1589,6079,杳杳 鐘聲 晚
1590,6079,荷 笠 帶 夕陽
1591,6079,青山 獨歸 遠
1592,6080,茱萸 灣 北 答 崔 載 華 問
1593,6080,劉 長卿
1594,6080,荒涼 野店 絕
1595,6080,迢遞 人煙 遠
1596,6080,蒼蒼 古木 中
1597,6080,多是 隋家 苑
1598,6081,赴 楚 州 次 自 田 途中 阻 淺 問 張 南 史
1599,6081,劉 長卿
1600,6081,楚城 今 近遠
1601,6081,積 靄 寒塘 暮
1602,6081,水 淺 舟 且 遲
1603,6081,淮 潮 至 何處
1604,6427,七
1605,6427,劉 長卿
1606,6427,秋江 渺渺 水 空 波
1607,6427,越客 孤舟 欲 榜歌
1608,6427,手 折 衰 楊 悲 老 大
1609,6427,故人 零落 已 無多
1610,6428,家園 瓜 熟 是 故 蕭 相公 所 遺 瓜 種 淒然 感舊 因 賦 此詩
1611,6428,劉 長卿
1612,6428,事去 人 亡 跡 自 留
1613,6428,黃花 綠 蒂 不勝 愁
1614,6428,誰能 更 向 青門 外
1615,6428,秋草 茫茫 覓 故侯
1616,6430,尋 盛 禪師 蘭若
1617,6430,劉 長卿
1618,6430,秋草 黃花 覆 古 阡
1619,6430,隔林 何處 起 人煙
1620,6430,山僧 獨在 山 中 老
1621,6430,唯有 寒松 見 少年
1622,6432,酬 李 穆 見 寄
1623,6432,劉 長卿
1624,6432,孤舟 相訪 至 天涯
1625,6432,萬 轉 雲山 路 更 賒
1626,6432,欲歸 柴門 迎 遠客
1627,6432,青苔 黃葉 滿 貧家
1628,6434,寄 別 朱 拾遺
1629,6434,劉 長卿
1630,6434,天書 遠 召 滄浪 客
1631,6434,幾度 臨歧 病 未 能
1632,6434,江海 茫茫 春 欲 遍
1633,6434,行人 一 騎 髮 金陵
1634,6435,會 赦 後 酬 主 薄 所 問
1635,6435,劉 長卿
1636,6435,江南 海北 長 相憶
1637,6435,淺 水 深山 獨掩 扉
1638,6435,重見 太平 身 已老
1639,6435,桃源 舊 住 不能 歸
1640,6436,贈 秦 繫
1641,6436,劉 長卿
1642,6436,向風 長嘯 戴 紗巾
1643,6436,野鶴 由來 不可 親
1644,6436,明日 東歸 變 名姓
1645,6436,五湖 煙水 覓 何人
1646,6437,酬 靈 澈 公 相招
1647,6437,劉 長卿
1648,6437,石 澗 泉聲 久不 聞
1649,6437,獨 臨 長路 雪 紛紛
1650,6437,如 今 漸欲 生 黃髮
1651,6437,願 脫 頭 冠 與 白雲
1652,6438,贈 崔 九 載 華
1653,6438,劉 長卿
1654,6438,憐 君 一 見 一 悲歌
1655,6438,歲歲 無如 老 去 何
1656,6438,白屋 漸 看 秋草 沒
1657,6438,青雲 莫道 故人 多
1658,6439,同 崔 載 華 贈 日本 聘 使
1659,6439,劉 長卿
1660,6439,憐 君 異域 朝 周 遠
1661,6439,積水 連 天 何處 通
1662,6439,遙指 來 從 初日 外
1663,6439,始知 更有 扶桑 東
1664,6440,送 建州 陸 使君
1665,6440,劉 長卿
1666,6440,漢庭 初 拜 建安 侯
1667,6440,天子 臨軒 寄 所憂
1668,6440,從此 向南 無限 路
1669,6440,雙旌 已去 水 悠悠
1670,6442,聞 奉 迎 皇 太 後 使 沈 判官 至 因 有 此 作
1671,6442,劉 長卿
1672,6442,長樂 宮人 掃 落花
1673,6442,君王 正 候 五雲 車
1674,6442,萬方 臣妾 同 瞻望
1675,6442,疑 在 曾 城 阿母 家
1676,6443,送 劉 萱 之 道州 謁 崔 大夫
1677,6443,劉 長卿
1678,6443,沅水 悠悠 湘水 春
1679,6443,臨歧 南望 一 霑巾
1680,6443,信陵 門下 三千 客
1681,6443,君 到 長沙 見 幾人
1682,6445,奉 送 賀 若 郎中 賊 退 後 之 杭州
1683,6445,劉 長卿
1684,6445,江上 初收 戰馬 塵
1685,6445,鶯聲 柳色 待 行春
1686,6445,雙旌 誰道 來 何 暮
1687,6445,萬井 如 今 有 幾人
1688,6446,瓜洲 驛 重 送 梁 郎中 赴 吉 州
1689,6446,劉 長卿
1690,6446,渺渺 雲山 去 幾重
1691,6446,依依 獨聽 廣陵 鐘
1692,6446,明朝 借問 南 來客
1693,6446,五馬 雙旌 何處 逢
1694,6448,新息 道 中 作
1695,6448,劉 長卿
1696,6448,蕭條 獨向 汝南 行
1697,6448,客路 多逢 漢 騎 營
1698,6448,古木 蒼蒼 離亂 後
1699,6448,幾家 同 住 一 孤城
1700,6449,春日 宴 魏 萬 成 湘水 亭
1701,6449,劉 長卿
1702,6449,何年 家 住 此江 濱
1703,6449,幾度 門前 北渚 春
1704,6449,白髮 亂 生 相顧 老
1705,6449,黃鶯 自 語 豈知 人
1706,6453,時 平 後 春日 思歸
1707,6453,劉 長卿
1708,6453,一尉 何曾 及 布衣
1709,6453,時 平 卻 憶 臥 柴扉
1710,6453,故園 柳色 催 南 客
1711,6453,春水 桃花 待 北歸
1712,6454,送 陶 十 赴 杭州 攝 掾
1713,6454,劉 長卿
1714,6454,莫 嘆 江城 一 掾 卑
1715,6454,滄洲 未是 阻 心期
1716,6454,浙 中 山色 千萬 狀
1717,6454,門外 潮聲 朝暮 時
1718,6457,昭陽 曲
1719,6457,劉 長卿
1720,6457,昨夜 承恩 宿 未央
1721,6457,羅衣 猶帶 御 衣 香
1722,6457,芙蓉 帳 小 雲屏 暗
1723,6457,楊柳 風 多 水殿 涼
1724,6458,罪 所 留 繫 每 夜 聞 長 州 軍 笛聲
1725,6458,劉 長卿
1726,6458,白日 浮雲 閉 不開
1727,6458,黃沙 誰問 冶 長 猜
1728,6458,祗 憐 橫笛 關山 月
1729,6458,知 處 愁人 夜夜 來
1730,6460,東湖 送 朱 逸人 歸
1731,6460,劉 長卿
1732,6460,山色 湖光 併 在東
1733,6460,扁舟 歸去 有 樵風
1734,6460,莫道 野人 無外 事
1735,6460,開 田 鑿井 白雲 中
1736,6461,舟中 送 李 十八 一作 送 僧
1737,6461,劉 長卿
1738,6461,釋子 身心 無有 分
1739,6461,獨 將 衣 缽 去 人群
1740,6461,相思 晚 望 西林 寺
1741,6461,唯有 鐘聲 出 白雲
1742,6462,送 李 穆 歸 淮南
1743,6462,劉 長卿
1744,6462,揚州 春草 新年 綠
1745,6462,未去 先 愁 去 不歸
1746,6462,淮水 問君 來 早晚
1747,6462,老人 偏 畏 過 芳菲
1748,6463,晚 春歸 山居 題 窗前 竹
1749,6463,劉 長卿
1750,6463,溪上 殘春 黃鳥 稀
1751,6463,辛夷 花 盡 杏花 飛
1752,6463,始 憐 幽 竹 山 窗下
1753,6463,不改 清陰 待我 歸
1754,6559,留 辭
1755,6559,劉 長卿
1756,6559,南楚 迢迢 通 漢口
1757,6559,西江 淼淼 去 揚州
1758,6559,春風 已 遣 歸心 促
1759,6559,縱復 芳菲 不可 留
1760,6579,晚日 湖 上 寄 所思
1761,6579,李 華
1762,6579,與 君為 近 別
1763,6579,不啻 遠 相思
1764,6579,落日 平湖 上
1765,6579,看山 對此 時
1766,6581,奉 寄 彭城 公
1767,6581,李 華
1768,6581,公子 三千 客
1769,6581,人人 願 報恩
1770,6581,應憐 抱 關 者
1771,6581,貧病 老 夷門
1772,6582,春行 寄 興
1773,6582,李 華
1774,6582,宜陽 城下 草 萋萋
1775,6582,澗水 東流 復 向西
1776,6582,芳樹 無人 花 自落
1777,6582,春山 一 路 鳥 空 啼
1778,6625,春日 歸思
1779,6625,王 翰
1780,6625,楊柳 青青 杏 髮 花
1781,6625,年光 誤 客 轉 思家
1782,6625,不知 湖 上 菱歌 女
1783,6625,幾箇 春 舟 在 若耶
1784,6626,觀 蠻 童 為 伎 之 作
1785,6626,王 翰
1786,6626,長 裙 錦帶 還 留客
1787,6626,廣 額 青蛾 亦 效 嚬
1788,6626,共惜 不成 金谷 妓
1789,6626,虛 令 看 殺 玉 車 人
1790,6641,寒食
1791,6641,孟 雲 卿
1792,6641,二月 江南 花 滿 枝
1793,6641,他鄉 寒食 遠 堪悲
1794,6641,貧居 往往 無煙 火
1795,6641,不獨 明朝 為 子 推
1796,6651,思歸 寄 東林 澈 上 人 并 序
1797,6651,韋 丹
1798,6651,王事 紛紛 無 暇日
1799,6651,浮生 冉冉 祗 如雲
1800,6651,已 為 平 子 歸 休 計
1801,6651,五 老 巖前 必 共聞
